CODIGO,DISTRITO,DEPARTAMENTO,MUNICIPIO,ESTABLECIMIENTO,DIRECCION,TELEFONO,SUPERVISOR,DIRECTOR,NIVEL,SECTOR,AREA,STATUS,MODALIDAD,JORNADA,PLAN,DEPARTAMENTAL,NOMBRE_SIMPLIFICADO,TIPO_ESTABLECIMIENTO,ID_ESTABLECIMIENTO_FISICO,REGION,CLASIFICACION
07-01-0059-46,07-003,SOLOLA,SOLOLA,LICEO TECNOLÓGICO BILINGÜE CUAUHTEMALLAN DE SOLOLA,"CASERÍO CAYALÁ, ALDEA EL TABLÓN",35923669,VÍCTOR CHUMIL CHIROY,MOISES GUARCAX CHIROY,DIVERSIFICADO,PRIVADO,URBANA,ABIERTA,MONOLINGUE,MATUTINA,DIARIO(REGULAR),SOLOLÁ,LICEO TECNOLÓGICO BILINGÜE CUAUHTEMALLAN SOLOLA,LICEO,"LICEO TECNOLÓGICO BILINGÜE CUAUHTEMALLAN SOLOLA_CASERÍO_CAYALÁ,_ALDEA_EL_TABLÓN",OCCIDENTE,PRIVADO_MONOLINGUE_DIARIO(REGULAR)
07-01-0061-46,07-003,SOLOLA,SOLOLA,LICEO TECNOLÓGICO BILINGÜE CUAUHTEMALLAN DE SOLOLA,"CASERÍO CAYALÁ, ALDEA EL TABLÓN",35923669,VÍCTOR CHUMIL CHIROY,MOISES GUARCAX CHIROY,DIVERSIFICADO,PRIVADO,URBANA,ABIERTA,MONOLINGUE,DOBLE,DIARIO(REGULAR),SOLOLÁ,LICEO TECNOLÓGICO BILINGÜE CUAUHTEMALLAN SOLOLA,LICEO,"LICEO TECNOLÓGICO BILINGÜE CUAUHTEMALLAN SOLOLA_CASERÍO_CAYALÁ,_ALDEA_EL_TABLÓN",OCCIDENTE,PRIVADO_MONOLINGUE_DIARIO(REGULAR)
07-01-0096-46,07-019,SOLOLA,SOLOLA,COLEGIO MONTE SION,6A. AVENIDA 8-07 ZONA 2 BARRIO EL CALVARIO,77623832,ESTELA BEN AJCALÓN DE TUY,JOSÉ DAVID TZAY PUÁC,DIVERSIFICADO,PRIVADO,URBANA,ABIERTA,MONOLINGUE,MATUTINA,DIARIO(REGULAR),SOLOLÁ,COLEGIO MONTE SION,COLEGIO,COLEGIO MONTE SION_6A._AVENIDA_8-07_ZONA_2_BARRIO_EL_CALVARIO,OCCIDENTE,PRIVADO_MONOLINGUE_DIARIO(REGULAR)
07-01-0106-46,07-019,SOLOLA,SOLOLA,INSTITUTO NACIONAL DE EDUCACIÓN DIVERSIFICADA,5TA. CALLE 0-37 BARRIO SAN ANTONIO,32442607,ESTELA BEN AJCALÓN DE TUY,LINCY MARÍA TIU GARCÍA,DIVERSIFICADO,OFICIAL,URBANA,ABIERTA,MONOLINGUE,VESPERTINA,DIARIO(REGULAR),SOLOLÁ,INSTITUTO NACIONAL DIVERSIFICADA,INSTITUTO,INSTITUTO NACIONAL DIVERSIFICADA_5TA._CALLE_0-37_BARRIO_SAN_ANTONIO,OCCIDENTE,OFICIAL_MONOLINGUE_DIARIO(REGULAR)
07-01-0121-46,07-004,SOLOLA,SOLOLA,CENTRO EDUCATIVO DE FORMACIÓN PROFESIONAL -CEFPRO-,"CASERÍO COXOM, ALDEA SAN JUAN ARGUETA",59356919,VÍCTOR MIGUEL MENCHÚ MENCHÚ,ELIAS MIGUEL ROSALES TAHAY,DIVERSIFICADO,PRIVADO,RURAL,ABIERTA,MONOLINGUE,DOBLE,FIN DE SEMANA,SOLOLÁ,CENTRO EDUCATIVO FORMACIÓN PROFESIONAL -CEFPRO-,CENTRO,"CENTRO EDUCATIVO FORMACIÓN PROFESIONAL -CEFPRO-_CASERÍO_COXOM,_ALDEA_SAN_JUAN_ARGUETA",OCCIDENTE,PRIVADO_MONOLINGUE_FIN_DE_SEMANA
07-01-0124-46,07-003,SOLOLA,SOLOLA,LICEO TECNOLÓGICO BILINGÜE CUAUHTEMALLAN DE SOLOLÁ,"CASERÍO CAYALÁ, ALDEA EL TABLÓN",35923669,VÍCTOR CHUMIL CHIROY,MOISES GUARCAX CHIROY,DIVERSIFICADO,PRIVADO,URBANA,ABIERTA,MONOLINGUE,DOBLE,FIN DE SEMANA,SOLOLÁ,LICEO TECNOLÓGICO BILINGÜE CUAUHTEMALLAN SOLOLÁ,LICEO,"LICEO TECNOLÓGICO BILINGÜE CUAUHTEMALLAN SOLOLÁ_CASERÍO_CAYALÁ,_ALDEA_EL_TABLÓN",OCCIDENTE,PRIVADO_MONOLINGUE_FIN_DE_SEMANA
07-01-0144-46,07-019,SOLOLA,SOLOLA,COLEGIO CIENTÍFICO MONTESSORI,"9A. CALLE 8-81 ZONA 2, BARRIO EL CALVARIO",77623427,ESTELA BEN AJCALÓN DE TUY,YOVANY ISRAEL ROSALES CORZO,DIVERSIFICADO,PRIVADO,URBANA,ABIERTA,MONOLINGUE,VESPERTINA,DIARIO(REGULAR),SOLOLÁ,COLEGIO CIENTIFICO MONTESSORI,COLEGIO,"COLEGIO CIENTIFICO MONTESSORI_9A._CALLE_8-81_ZONA_2,_BARRIO_EL_CALVARIO",OCCIDENTE,PRIVADO_MONOLINGUE_DIARIO(REGULAR)
07-01-0152-46,07-003,SOLOLA,SOLOLA,LICEO PROFESIONAL LAS AMERICAS,"CASERÍO CENTRAL, CANTÓN EL TABLÓN",77624703,VÍCTOR CHUMIL CHIROY,CAMILIO YAXÓN COSIGUÁ,DIVERSIFICADO,PRIVADO,RURAL,ABIERTA,MONOLINGUE,DOBLE,FIN DE SEMANA,SOLOLÁ,LICEO PROFESIONAL LAS AMERICAS,LICEO,"LICEO PROFESIONAL LAS AMERICAS_CASERÍO_CENTRAL,_CANTÓN_EL_TABLÓN",OCCIDENTE,PRIVADO_MONOLINGUE_FIN_DE_SEMANA
07-01-0158-46,07-002,SOLOLA,SOLOLA,INSTITUTO MIXTO DE EDUCACIÓN DIVERSIFICADA POR COOPERATIVA,"CASERÍO CENTRAL, ALDEA PIXABAJ",45684531,CARLOS RIGOBERTO POS TUY,SEBASTIAN TUN TUN,DIVERSIFICADO,COOPERATIVA,RURAL,ABIERTA,MONOLINGUE,VESPERTINA,DIARIO(REGULAR),SOLOLÁ,INSTITUTO EDUCACIÓN DIVERSIFICADA POR COOPERATIVA,INSTITUTO,"INSTITUTO EDUCACIÓN DIVERSIFICADA POR COOPERATIVA_CASERÍO_CENTRAL,_ALDEA_PIXABAJ",OCCIDENTE,COOPERATIVA_MONOLINGUE_DIARIO(REGULAR)
07-01-0162-46,07-004,SOLOLA,SOLOLA,INSTITUTO DE EDUCACIÓN DIVERSIFICADA POR COOPERATIVA CHAQUIJYÁ,"CASERÍO COOPERATIVA, ALDEA CHAQUIJYÁ",44554930,VÍCTOR MIGUEL MENCHÚ MENCHÚ,VÍCTOR SALOJ YAXÓN,DIVERSIFICADO,COOPERATIVA,RURAL,ABIERTA,MONOLINGUE,VESPERTINA,DIARIO(REGULAR),SOLOLÁ,INSTITUTO EDUCACIÓN DIVERSIFICADA POR COOPERATIVA CHAQUIJYÁ,INSTITUTO,"INSTITUTO EDUCACIÓN DIVERSIFICADA POR COOPERATIVA CHAQUIJYÁ_CASERÍO_COOPERATIVA,_ALDEA_CHAQUIJYÁ",OCCIDENTE,COOPERATIVA_MONOLINGUE_DIARIO(REGULAR)
07-01-0164-46,07-019,SOLOLA,SOLOLA,INSTITUTO TECNOLÓGICO DE LA UNIVERSIDAD DEL VALLE DE GUATEMALA ALTIPLANO,"KILÓMETRO. 137, CASERÍO XOLBÉ ALDEA EL TABLÓN",79310814,ESTELA BEN AJCALÓN DE TUY,CECILIA YORDENY VICENTE ZAPETA,DIVERSIFICADO,PRIVADO,RURAL,ABIERTA,MONOLINGUE,MATUTINA,DIARIO(REGULAR),SOLOLÁ,INSTITUTO TECNOLÓGICO LA UNIVERSIDAD DEL VALLE GUATEMALA ALTIPLANO,INSTITUTO,"INSTITUTO TECNOLÓGICO LA UNIVERSIDAD DEL VALLE GUATEMALA ALTIPLANO_KILÓMETRO._137,_CASERÍO_XOLBÉ_ALDEA_EL_TABLÓN",OCCIDENTE,PRIVADO_MONOLINGUE_DIARIO(REGULAR)
07-01-0165-46,07-019,SOLOLA,SOLOLA,ESCUELA EN CIENCIAS DE LA COMPUTACIÓN,"3RA. CALLE 1-30 ZONA 1, BARRIO SAN ANTONIO",77625180,ESTELA BEN AJCALÓN DE TUY,LUIS LEONARDO ARGUETA MOGOLLÓN,DIVERSIFICADO,PRIVADO,URBANA,ABIERTA,MONOLINGUE,DOBLE,FIN DE SEMANA,SOLOLÁ,ESCUELA EN CIENCIAS LA COMPUTACIÓN,ESCUELA,"ESCUELA EN CIENCIAS LA COMPUTACIÓN_3RA._CALLE_1-30_ZONA_1,_BARRIO_SAN_ANTONIO",OCCIDENTE,PRIVADO_MONOLINGUE_FIN_DE_SEMANA
07-01-0166-46,07-019,SOLOLA,SOLOLA,ESCUELA EN CIENCIAS DE LA COMPUTACIÓN,"3RA. CALLE 1-30 ZONA 1, BARRIO SAN ANTONIO",77625180,ESTELA BEN AJCALÓN DE TUY,LUIS LEONARDO ARGUETA MOGOLLÓN,DIVERSIFICADO,PRIVADO,URBANA,ABIERTA,MONOLINGUE,MATUTINA,DIARIO(REGULAR),SOLOLÁ,ESCUELA EN CIENCIAS LA COMPUTACIÓN,ESCUELA,"ESCUELA EN CIENCIAS LA COMPUTACIÓN_3RA._CALLE_1-30_ZONA_1,_BARRIO_SAN_ANTONIO",OCCIDENTE,PRIVADO_MONOLINGUE_DIARIO(REGULAR)
07-01-0171-46,07-003,SOLOLA,SOLOLA,"COLEGIO DE EDUCACIÓN BÁSICA IMPACTO, EMPODERANDO MUJERES","KILÓMETRO. 137, CASERÍO XOLBE, ALDEA EL TABLÓN",32815153,VÍCTOR CHUMIL CHIROY,VILMA VERONICA SALOJ CHIYAL,DIVERSIFICADO,PRIVADO,RURAL,ABIERTA,MONOLINGUE,MATUTINA,DIARIO(REGULAR),SOLOLÁ,"COLEGIO EDUCACIÓN BÁSICA IMPACTO, EMPODERANDO MUJERES",COLEGIO,"COLEGIO EDUCACIÓN BÁSICA IMPACTO, EMPODERANDO MUJERES_KILÓMETRO._137,_CASERÍO_XOLBE,_ALDEA_EL_TABLÓN",OCCIDENTE,PRIVADO_MONOLINGUE_DIARIO(REGULAR)
07-01-0174-46,07-024,SOLOLA,SOLOLA,PROGRAMA NACIONAL DE EDUCACIÓN ALTERNATIVA -PRONEA-,13AV. 3-18 BARRIO EL CARMEN,77289930,MARÍA OFELIA MUY QUICHÉ,FREDY EDGAR URÍZAR RODRÍGUEZ,DIVERSIFICADO,OFICIAL,URBANA,ABIERTA,MONOLINGUE,DOBLE,A DISTANCIA,SOLOLÁ,PROGRAMA NACIONAL EDUCACIÓN ALTERNATIVA -PRONEA-,OTRO,PROGRAMA NACIONAL EDUCACIÓN ALTERNATIVA -PRONEA-_13AV._3-18_BARRIO_EL_CARMEN,OCCIDENTE,OFICIAL_MONOLINGUE_A_DISTANCIA
07-01-0175-46,07-024,SOLOLA,SOLOLA,CENTRO DE EDUCACIÓN EXTRAESCOLAR -CEEX-DEPARTAMENTAL,13 CALLE 3-18 ZONA 1,42168347,MARÍA OFELIA MUY QUICHÉ,FREDY EDGAR URÍZAR RODRÍGUEZ,DIVERSIFICADO,OFICIAL,URBANA,ABIERTA,MONOLINGUE,DOBLE,SEMIPRESENCIAL,SOLOLÁ,CENTRO EDUCACIÓN EXTRAESCOLAR -CEEX-DEPARTAMENTAL,CENTRO,CENTRO EDUCACIÓN EXTRAESCOLAR -CEEX-DEPARTAMENTAL_13_CALLE_3-18_ZONA_1,OCCIDENTE,OFICIAL_MONOLINGUE_SEMIPRESENCIAL
07-01-0181-46,07-003,SOLOLA,SOLOLA,LICEO PROFESIONAL LAS AMERICAS,"CASERÍO CENTRAL, CANTÓN EL TABLÓN",77623985,VÍCTOR CHUMIL CHIROY,CAMILIO YAXÓN COSIGUÁ,DIVERSIFICADO,PRIVADO,RURAL,ABIERTA,MONOLINGUE,SIN JORNADA,SEMIPRESENCIAL (UN DÍA A LA SEMANA),SOLOLÁ,LICEO PROFESIONAL LAS AMERICAS,LICEO,"LICEO PROFESIONAL LAS AMERICAS_CASERÍO_CENTRAL,_CANTÓN_EL_TABLÓN",OCCIDENTE,PRIVADO_MONOLINGUE_SEMIPRESENCIAL_(UN_DÍA_A_LA_SEMANA)
07-01-0184-46,07-004,SOLOLA,SOLOLA,CENTRO EDUCATIVO DE FORMACIÓN PROFESIONAL -CEFPRO-,"CASERÍO COXOM, ALDEA SAN JUAN ARGUETA",33007964,VÍCTOR MIGUEL MENCHÚ MENCHÚ,ELIAS MIGUEL ROSALES TAHAY,DIVERSIFICADO,PRIVADO,RURAL,ABIERTA,MONOLINGUE,SIN JORNADA,SEMIPRESENCIAL (FIN DE SEMANA),SOLOLÁ,CENTRO EDUCATIVO FORMACIÓN PROFESIONAL -CEFPRO-,CENTRO,"CENTRO EDUCATIVO FORMACIÓN PROFESIONAL -CEFPRO-_CASERÍO_COXOM,_ALDEA_SAN_JUAN_ARGUETA",OCCIDENTE,PRIVADO_MONOLINGUE_SEMIPRESENCIAL_(FIN_DE_SEMANA)
07-01-0195-46,07-019,SOLOLA,SOLOLA,CENTRO EDUCATIVO INTERCULTURAL PARA EL DESARROLLO COMUNITARIO CEIDECO,5AV. 2-28 ZONA 1 BARRIO SAN ANTONIO,55629690,ESTELA BEN AJCALÓN DE TUY,VILMA JEANNETTE PAR GIRÓN,DIVERSIFICADO,PRIVADO,URBANA,ABIERTA,MONOLINGUE,SIN JORNADA,SEMIPRESENCIAL (FIN DE SEMANA),SOLOLÁ,CENTRO EDUCATIVO INTERCULTURAL PARA EL DESARROLLO COMUNITARIO CEIDECO,CENTRO,CENTRO EDUCATIVO INTERCULTURAL PARA EL DESARROLLO COMUNITARIO CEIDECO_5AV._2-28_ZONA_1_BARRIO_SAN_ANTONIO,OCCIDENTE,PRIVADO_MONOLINGUE_SEMIPRESENCIAL_(FIN_DE_SEMANA)
07-01-0198-46,07-019,SOLOLA,SOLOLA,INSTITUTO PRIVADO URBANO MIXTO SOLOLÁ,6TA. AVENIDA 6-37 BARRIO EL CALVARIO ZONA 2,77623103,ESTELA BEN AJCALÓN DE TUY,PATRICIA ROCÍO SAMAYOA MALDONADO,DIVERSIFICADO,PRIVADO,URBANA,ABIERTA,MONOLINGUE,SIN JORNADA,SEMIPRESENCIAL (UN DÍA A LA SEMANA),SOLOLÁ,INSTITUTO URBANO SOLOLÁ,INSTITUTO,INSTITUTO URBANO SOLOLÁ_6TA._AVENIDA_6-37_BARRIO_EL_CALVARIO_ZONA_2,OCCIDENTE,PRIVADO_MONOLINGUE_SEMIPRESENCIAL_(UN_DÍA_A_LA_SEMANA)
07-01-0200-46,07-019,SOLOLA,SOLOLA,CENTRO EDUCATIVO DE FORMACIÓN TÉCNICA -CEFTEC-,"6 AVENIDA 13-60 ZONA 1, BARRIO EL CARMEN",58255240,ESTELA BEN AJCALÓN DE TUY,ISRAÉL CHOCOJ YAC,DIVERSIFICADO,PRIVADO,URBANA,ABIERTA,MONOLINGUE,SIN JORNADA,SEMIPRESENCIAL (UN DÍA A LA SEMANA),SOLOLÁ,CENTRO EDUCATIVO FORMACIÓN TÉCNICA -CEFTEC-,CENTRO,"CENTRO EDUCATIVO FORMACIÓN TÉCNICA -CEFTEC-_6_AVENIDA_13-60_ZONA_1,_BARRIO_EL_CARMEN",OCCIDENTE,PRIVADO_MONOLINGUE_SEMIPRESENCIAL_(UN_DÍA_A_LA_SEMANA)
07-01-0499-46,07-019,SOLOLA,SOLOLA,ESCUELA NACIONAL DE CIENCIAS COMERCIALES,13 CALLE Y 5TA. AVENIDA ESQUINA ZONA 1,55348935,ESTELA BEN AJCALÓN DE TUY,RAMIRO PANJOJ BULUX,DIVERSIFICADO,OFICIAL,URBANA,ABIERTA,MONOLINGUE,VESPERTINA,DIARIO(REGULAR),SOLOLÁ,ESCUELA NACIONAL CIENCIAS COMERCIALES,ESCUELA,ESCUELA NACIONAL CIENCIAS COMERCIALES_13_CALLE_Y_5TA._AVENIDA_ESQUINA_ZONA_1,OCCIDENTE,OFICIAL_MONOLINGUE_DIARIO(REGULAR)
07-01-0500-46,07-019,SOLOLA,SOLOLA,ESCUELA NORMAL PRIVADA,13 CALLE FINAL ZONA 1 COLONIA MIRALINDA,77624433,ESTELA BEN AJCALÓN DE TUY,JORGE MARIO ZELADA SÁNCHEZ,DIVERSIFICADO,PRIVADO,URBANA,ABIERTA,MONOLINGUE,VESPERTINA,DIARIO(REGULAR),SOLOLÁ,ESCUELA NORMAL PRIVADA,ESCUELA,ESCUELA NORMAL PRIVADA_13_CALLE_FINAL_ZONA_1_COLONIA_MIRALINDA,OCCIDENTE,PRIVADO_MONOLINGUE_DIARIO(REGULAR)
07-01-0577-46,07-019,SOLOLA,SOLOLA,COLEGIO INTEGRAL SOLOLATECO,"6TA. AVENIDA 6-37 ZONA 2, BARRIO EL CALVARIO",77623709,ESTELA BEN AJCALÓN DE TUY,ELSA JEANETT SÁNCHEZ SOTO,DIVERSIFICADO,PRIVADO,URBANA,ABIERTA,BILINGUE,VESPERTINA,DIARIO(REGULAR),SOLOLÁ,COLEGIO INTEGRAL SOLOLATECO,COLEGIO,"COLEGIO INTEGRAL SOLOLATECO_6TA._AVENIDA_6-37_ZONA_2,_BARRIO_EL_CALVARIO",OCCIDENTE,PRIVADO_BILINGUE_DIARIO(REGULAR)
07-01-0691-46,07-019,SOLOLA,SOLOLA,COLEGIO PRIVADO URBANO PARA VARONES ATITLÁN,13 CALLE 03-19 ZONA 1 BARRIO EL CARMEN,77623319,ESTELA BEN AJCALÓN DE TUY,FRANCISCO ROLANDO ALVARADO RECINOS,DIVERSIFICADO,PRIVADO,URBANA,ABIERTA,MONOLINGUE,VESPERTINA,DIARIO(REGULAR),SOLOLÁ,COLEGIO URBANO PARA VARONES ATITLÁN,COLEGIO,COLEGIO URBANO PARA VARONES ATITLÁN_13_CALLE_03-19_ZONA_1_BARRIO_EL_CARMEN,OCCIDENTE,PRIVADO_MONOLINGUE_DIARIO(REGULAR)
07-01-0693-46,07-004,SOLOLA,SOLOLA,INSTITUTO DE CIENCIAS COMERCIALES POR COOPERATIVA RURAL MIXTO SAN JUAN BAUTISTA,ALDEA SAN JUAN ARGUETA,40579014,VÍCTOR MIGUEL MENCHÚ MENCHÚ,WILMER GABRIEL MENCHÚ AJPACAJÁ,DIVERSIFICADO,COOPERATIVA,RURAL,ABIERTA,BILINGUE,VESPERTINA,DIARIO(REGULAR),SOLOLÁ,INSTITUTO CIENCIAS COMERCIALES POR COOPERATIVA RURAL SAN JUAN BAUTISTA,INSTITUTO,INSTITUTO CIENCIAS COMERCIALES POR COOPERATIVA RURAL SAN JUAN BAUTISTA_ALDEA_SAN_JUAN_ARGUETA,OCCIDENTE,COOPERATIVA_BILINGUE_DIARIO(REGULAR)
07-01-2483-46,07-019,SOLOLA,SOLOLA,ESCUELA EN CIENCIAS DE LA COMPUTACIÓN,"3A. CALLE 1-30 ZONA 1, BARRIO SAN ANTONIO",58343319,ESTELA BEN AJCALÓN DE TUY,LUIS LEONARDO ARGUETA MOGOLLÓN,DIVERSIFICADO,PRIVADO,URBANA,ABIERTA,MONOLINGUE,DOBLE,DIARIO(REGULAR),SOLOLÁ,ESCUELA EN CIENCIAS LA COMPUTACIÓN,ESCUELA,"ESCUELA EN CIENCIAS LA COMPUTACIÓN_3A._CALLE_1-30_ZONA_1,_BARRIO_SAN_ANTONIO",OCCIDENTE,PRIVADO_MONOLINGUE_DIARIO(REGULAR)
07-01-2568-46,07-019,SOLOLA,SOLOLA,COLEGIO MONTE SION,6A. AVENIDA 8-07 ZONA 2 BARRIO EL CALVARIO,77623832,ESTELA BEN AJCALÓN DE TUY,JOSÉ DAVID TZAY PUÁC,DIVERSIFICADO,PRIVADO,URBANA,ABIERTA,MONOLINGUE,VESPERTINA,DIARIO(REGULAR),SOLOLÁ,COLEGIO MONTE SION,COLEGIO,COLEGIO MONTE SION_6A._AVENIDA_8-07_ZONA_2_BARRIO_EL_CALVARIO,OCCIDENTE,PRIVADO_MONOLINGUE_DIARIO(REGULAR)
07-01-2702-46,07-003,SOLOLA,SOLOLA,CENTRO EDUCATIVO COMUNITARIO MAYA TIJOBÄL TZOLOJYA,"CASERÍO CENTRAL, ALDEA EL TABLÓN",77624283,VÍCTOR CHUMIL CHIROY,SANTIAGO PANJOJ TUY,DIVERSIFICADO,PRIVADO,RURAL,ABIERTA,BILINGUE,VESPERTINA,DIARIO(REGULAR),SOLOLÁ,CENTRO EDUCATIVO COMUNITARIO MAYA' TIJOB'ÄL TZ'OLOJYA',CENTRO,"CENTRO EDUCATIVO COMUNITARIO MAYA' TIJOB'ÄL TZ'OLOJYA'_CASERÍO_CENTRAL,_ALDEA_EL_TABLÓN",OCCIDENTE,PRIVADO_BILINGUE_DIARIO(REGULAR)
07-01-2767-46,07-019,SOLOLA,SOLOLA,ESCUELA NORMAL DE EDUCACIÓN FÍSICA,5A. AVENIDA 2-28 ZONA 1,77625207,ESTELA BEN AJCALÓN DE TUY,JUANA NICOLASA TZORÍN ORDÓÑEZ,DIVERSIFICADO,OFICIAL,URBANA,ABIERTA,MONOLINGUE,DOBLE,DIARIO(REGULAR),SOLOLÁ,ESCUELA NORMAL EDUCACIÓN FÍSICA,ESCUELA,ESCUELA NORMAL EDUCACIÓN FÍSICA_5A._AVENIDA_2-28_ZONA_1,OCCIDENTE,OFICIAL_MONOLINGUE_DIARIO(REGULAR)
07-01-2768-46,07-019,SOLOLA,SOLOLA,INSTITUTO TECNOLÓGICO DE LA UNIVERSIDAD DEL VALLE DE GUATEMALA ALTIPLANO,"KILÓMETRO. 137, CASERÍO XOLBÉ ALDEA EL TABLÓN",79310814,ESTELA BEN AJCALÓN DE TUY,CECILIA YORDENY VICENTE ZAPETA,DIVERSIFICADO,PRIVADO,RURAL,ABIERTA,MONOLINGUE,DOBLE,DIARIO(REGULAR),SOLOLÁ,INSTITUTO TECNOLOGICO LA UNIVERSIDAD DEL VALLE GUATEMALA ALTIPLANO,INSTITUTO,"INSTITUTO TECNOLOGICO LA UNIVERSIDAD DEL VALLE GUATEMALA ALTIPLANO_KILÓMETRO._137,_CASERÍO_XOLBÉ_ALDEA_EL_TABLÓN",OCCIDENTE,PRIVADO_MONOLINGUE_DIARIO(REGULAR)
07-02-0006-46,07-005,SOLOLA,SAN JOSE CHACAYA,INSTITUTO NACIONAL DE EDUCACIÓN DIVERSIFICADA,"ZONA 0, SECTOR CENTRO",50905091,JUSTO SANTIAGO PONCIO PÚ,ZOILA ELIZABETH CUÁ AJÚ,DIVERSIFICADO,OFICIAL,URBANA,ABIERTA,MONOLINGUE,MATUTINA,DIARIO(REGULAR),SOLOLÁ,INSTITUTO NACIONAL EDUCACIÓN DIVERSIFICADA,INSTITUTO,"INSTITUTO NACIONAL EDUCACIÓN DIVERSIFICADA_ZONA_0,_SECTOR_CENTRO",OCCIDENTE,OFICIAL_MONOLINGUE_DIARIO(REGULAR)
07-03-0002-46,07-014,SOLOLA,SANTA MARIA VISITACION,INSTITUTO NACIONAL DE EDUCACIÓN DIVERSIFICADA,SECTOR SUR,41787615,FRANCISCO AARÓN MATUL MÉNDEZ,GLADIS NOHEMÍ MORENO GÓMEZ,DIVERSIFICADO,OFICIAL,URBANA,ABIERTA,MONOLINGUE,VESPERTINA,DIARIO(REGULAR),SOLOLÁ,INSTITUTO NACIONAL DIVERSIFICADA,INSTITUTO,INSTITUTO NACIONAL DIVERSIFICADA_SECTOR_SUR,OCCIDENTE,OFICIAL_MONOLINGUE_DIARIO(REGULAR)
07-03-0008-46,07-014,SOLOLA,SANTA MARIA VISITACION,INSTITUTO TÉCNICO CIENTÍFICO INTERCULTURAL -ITECI-,SANTA MARÍA VISITACIÓN,58542494,FRANCISCO AARÓN MATUL MÉNDEZ,EDWIN EFRAÍN PUÁC DIONISIO,DIVERSIFICADO,OFICIAL,URBANA,ABIERTA,MONOLINGUE,MATUTINA,DIARIO(REGULAR),SOLOLÁ,INSTITUTO TÉCNICO CIENTÍFICO INTERCULTURAL -ITECI-,INSTITUTO,INSTITUTO TÉCNICO CIENTÍFICO INTERCULTURAL -ITECI-_SANTA_MARÍA_VISITACIÓN,OCCIDENTE,OFICIAL_MONOLINGUE_DIARIO(REGULAR)
07-03-2928-46,07-014,SOLOLA,SANTA MARIA VISITACION,CENTRO EDUCATIVO COMUNITARIO INTERCULTURAL POR MADUREZ CECIM,EDIFICIO DEL INSTITUTO LA SALLE ENTRADA PRINCIPAL,57274128,FRANCISCO AARÓN MATUL MÉNDEZ,VICTOR QUICHÉ AJCHÉ,DIVERSIFICADO,PRIVADO,URBANA,ABIERTA,MONOLINGUE,DOBLE,FIN DE SEMANA,SOLOLÁ,CENTRO EDUCATIVO COMUNITARIO INTERCULTURAL POR MADUREZ CECIM,CENTRO,CENTRO EDUCATIVO COMUNITARIO INTERCULTURAL POR MADUREZ CECIM_EDIFICIO_DEL_INSTITUTO_LA_SALLE_ENTRADA_PRINCIPAL,OCCIDENTE,PRIVADO_MONOLINGUE_FIN_DE_SEMANA
07-04-0008-46,07-006,SOLOLA,SANTA LUCIA UTATLAN,COLEGIO PRIVADO DR. JORGE ROMERO IMERY,"BARRIO ""EL ROSARIO""",77221518,LESTER FRANCISCO PUAC COCHOY,MARCOS JOSUÉ AQUINO NORIEGA,DIVERSIFICADO,PRIVADO,URBANA,ABIERTA,MONOLINGUE,MATUTINA,DIARIO(REGULAR),SOLOLÁ,COLEGIO DR. JORGE ROMERO IMERY,COLEGIO,"COLEGIO DR. JORGE ROMERO IMERY_BARRIO_""EL_ROSARIO""",OCCIDENTE,PRIVADO_MONOLINGUE_DIARIO(REGULAR)
07-04-0023-46,07-006,SOLOLA,SANTA LUCIA UTATLAN,INSTITUTO NACIONAL DE EDUCACIÓN DIVERSIFICADA,SANTA LUCÍA UTATLÁN,33567108,LESTER FRANCISCO PUAC COCHOY,GLENDY HAIDALY PIXABAJ GODOY,DIVERSIFICADO,OFICIAL,URBANA,ABIERTA,MONOLINGUE,MATUTINA,DIARIO(REGULAR),SOLOLÁ,INSTITUTO NACIONAL EDUCACIÓN DIVERSIFICADA,INSTITUTO,INSTITUTO NACIONAL EDUCACIÓN DIVERSIFICADA_SANTA_LUCÍA_UTATLÁN,OCCIDENTE,OFICIAL_MONOLINGUE_DIARIO(REGULAR)
07-04-0041-46,07-032,SOLOLA,SANTA LUCIA UTATLAN,ESCUELA NORMAL REGIONAL DE OCCIDENTE,"PARCELAMIENTO EL MOLINO SAN PEDRO, CANTON CHUCHEXIC",78234597,MOISÉS ISRAEL SAQUÍC JOJ,MOISES MARIANO SAY SOLÍS,DIVERSIFICADO,OFICIAL,RURAL,ABIERTA,MONOLINGUE,MATUTINA,DIARIO(REGULAR),SOLOLÁ,ESCUELA NORMAL REGIONAL OCCIDENTE,ESCUELA,"ESCUELA NORMAL REGIONAL OCCIDENTE_PARCELAMIENTO_EL_MOLINO_SAN_PEDRO,_CANTON_CHUCHEXIC",OCCIDENTE,OFICIAL_MONOLINGUE_DIARIO(REGULAR)
07-04-0042-46,07-032,SOLOLA,SANTA LUCIA UTATLAN,ESCUELA NORMAL REGIONAL DE OCCIDENTE,"CANTÓN CHUCHEXIC, PARCELAMIENTO EL MOLINO SAN PEDRO",78234597,MOISÉS ISRAEL SAQUÍC JOJ,MOISES MARIANO SAY SOLÍS,DIVERSIFICADO,OFICIAL,RURAL,ABIERTA,MONOLINGUE,DOBLE,DIARIO(REGULAR),SOLOLÁ,ESCUELA NORMAL REGIONAL OCCIDENTE,ESCUELA,"ESCUELA NORMAL REGIONAL OCCIDENTE_CANTÓN_CHUCHEXIC,_PARCELAMIENTO_EL_MOLINO_SAN_PEDRO",OCCIDENTE,OFICIAL_MONOLINGUE_DIARIO(REGULAR)
07-04-0091-46,07-032,SOLOLA,SANTA LUCIA UTATLAN,ESCUELA NORMAL REGIONAL DE OCCIDENTE,CANTON CHUCHEXIC PARCELAMIENTO EL MOLINO SAN PEDRO,78234597,MOISÉS ISRAEL SAQUÍC JOJ,MOISES MARIANO SAY SOLÍS,DIVERSIFICADO,OFICIAL,RURAL,ABIERTA,BILINGUE,DOBLE,DIARIO(REGULAR),SOLOLÁ,ESCUELA NORMAL REGIONAL OCCIDENTE,ESCUELA,ESCUELA NORMAL REGIONAL OCCIDENTE_CANTON_CHUCHEXIC_PARCELAMIENTO_EL_MOLINO_SAN_PEDRO,OCCIDENTE,OFICIAL_BILINGUE_DIARIO(REGULAR)
07-04-2766-46,07-006,SOLOLA,SANTA LUCIA UTATLAN,ESCUELA NORMAL INFANTIL BILINGUE ADSCRITA A LA NORMAL REGIONAL DE OCCIDENTE ENRO,FINCA MOLINO SAN PEDRO,78234597,LESTER FRANCISCO PUAC COCHOY,MARIO ANSELMO TUJ CHOCOY,DIVERSIFICADO,OFICIAL,RURAL,ABIERTA,BILINGUE,DOBLE,DIARIO(REGULAR),SOLOLÁ,ESCUELA NORMAL INFANTIL BILINGUE ADSCRITA A LA NORMAL REGIONAL OCCIDENTE ENRO,ESCUELA,ESCUELA NORMAL INFANTIL BILINGUE ADSCRITA A LA NORMAL REGIONAL OCCIDENTE ENRO_FINCA_MOLINO_SAN_PEDRO,OCCIDENTE,OFICIAL_BILINGUE_DIARIO(REGULAR)
07-04-3030-46,07-006,SOLOLA,SANTA LUCIA UTATLAN,COLEGIO PRIVADO DR. JORGE ROMERO IMERY,"BARRIO ""EL ROSARIO""",77221518,LESTER FRANCISCO PUAC COCHOY,MARCOS JOSUÉ AQUINO NORIEGA,DIVERSIFICADO,PRIVADO,URBANA,ABIERTA,MONOLINGUE,VESPERTINA,DIARIO(REGULAR),SOLOLÁ,COLEGIO DR. JORGE ROMERO IMERY,COLEGIO,"COLEGIO DR. JORGE ROMERO IMERY_BARRIO_""EL_ROSARIO""",OCCIDENTE,PRIVADO_MONOLINGUE_DIARIO(REGULAR)
07-04-3085-46,07-006,SOLOLA,SANTA LUCIA UTATLAN,COLEGIO Q UMARKAJ,"PARAJE CRUZ B, CANTÓN PAHAJ",41011018,LESTER FRANCISCO PUAC COCHOY,ALLAN MAGDIEL GODOY VÁSQUEZ,DIVERSIFICADO,PRIVADO,RURAL,ABIERTA,MONOLINGUE,VESPERTINA,DIARIO(REGULAR),SOLOLÁ,COLEGIO Q UMARKAJ,COLEGIO,"COLEGIO Q UMARKAJ_PARAJE_CRUZ_B,_CANTÓN_PAHAJ",OCCIDENTE,PRIVADO_MONOLINGUE_DIARIO(REGULAR)
07-05-0053-46,07-007,SOLOLA,NAHUALA,INSTITUTO NACIONAL DE EDUCACIÓN DIVERSIFICADA,1RA. AVENIDA A-062 ZONA 3,30694648,DAVID FERNANDO PAZ LOPEZ,DANIEL TZEP CHAVEZ,DIVERSIFICADO,OFICIAL,URBANA,ABIERTA,MONOLINGUE,VESPERTINA,DIARIO(REGULAR),SOLOLÁ,INSTITUTO NACIONAL DIVERSIFICADA,INSTITUTO,INSTITUTO NACIONAL DIVERSIFICADA_1RA._AVENIDA_A-062_ZONA_3,OCCIDENTE,OFICIAL_MONOLINGUE_DIARIO(REGULAR)
07-05-0204-46,07-007,SOLOLA,NAHUALA,INSTITUTO COMUNITARIO DE CIENCIAS COMERCIALES EL ALTIPLANO,CASERÍO CHUANAHUALÁ,52803917,DAVID FERNANDO PAZ LOPEZ,DIEGO VICTOR JAMINEZ TUM,DIVERSIFICADO,PRIVADO,RURAL,ABIERTA,MONOLINGUE,MATUTINA,DIARIO(REGULAR),SOLOLÁ,INSTITUTO COMUNITARIO CIENCIAS COMERCIALES EL ALTIPLANO,INSTITUTO,INSTITUTO COMUNITARIO CIENCIAS COMERCIALES EL ALTIPLANO_CASERÍO_CHUANAHUALÁ,OCCIDENTE,PRIVADO_MONOLINGUE_DIARIO(REGULAR)
07-05-0208-46,07-007,SOLOLA,NAHUALA,INSTITUTO DE EDUCACIÓN DIVERSIFICADA POR COOPERATIVA DE ENSEÑANZA,ALDEA PACHUTIQUIM,45520527,DAVID FERNANDO PAZ LOPEZ,DIEGO BERNARDO IXMATÁ TZIQUÍN,DIVERSIFICADO,COOPERATIVA,RURAL,ABIERTA,MONOLINGUE,VESPERTINA,DIARIO(REGULAR),SOLOLÁ,INSTITUTO EDUCACIÓN DIVERSIFICADA POR COOPERATIVA ENSEÑANZA,INSTITUTO,INSTITUTO EDUCACIÓN DIVERSIFICADA POR COOPERATIVA ENSEÑANZA_ALDEA_PACHUTIQUIM,OCCIDENTE,COOPERATIVA_MONOLINGUE_DIARIO(REGULAR)
07-05-0210-46,07-007,SOLOLA,NAHUALA,INSTITUTO MIXTO DE EDUCACIÓN DIVERSIFICADA POR COOPERATIVA MAYA NA OJ,CANTÓN CHIQUIX,30062219,DAVID FERNANDO PAZ LOPEZ,FELIPE TAMBRIZ TAMBRIZ,DIVERSIFICADO,COOPERATIVA,RURAL,ABIERTA,MONOLINGUE,MATUTINA,DIARIO(REGULAR),SOLOLÁ,INSTITUTO EDUCACIÓN DIVERSIFICADA POR COOPERATIVA MAYA NA OJ,INSTITUTO,INSTITUTO EDUCACIÓN DIVERSIFICADA POR COOPERATIVA MAYA NA OJ_CANTÓN_CHIQUIX,OCCIDENTE,COOPERATIVA_MONOLINGUE_DIARIO(REGULAR)
07-05-0271-46,07-009,SOLOLA,NAHUALA,CENTRO EDUCATIVO SANTIAGO DE LA ASUNCIÓN FE Y ALEGRÍA NO. 51,CARRETERA PRINCIPAL ENTRADA  A LA ALDEA XEJUYUP,30331256,MANUEL CHOVÓN GUACHIAC,MIGUEL SAC CHOX,DIVERSIFICADO,PRIVADO,RURAL,ABIERTA,MONOLINGUE,VESPERTINA,DIARIO(REGULAR),SOLOLÁ,CENTRO EDUCATIVO SANTIAGO LA ASUNCIÓN FE ALEGRÍA NO. 51,CENTRO,CENTRO EDUCATIVO SANTIAGO LA ASUNCIÓN FE ALEGRÍA NO. 51_CARRETERA_PRINCIPAL_ENTRADA__A_LA_ALDEA_XEJUYUP,OCCIDENTE,PRIVADO_MONOLINGUE_DIARIO(REGULAR)
07-05-2019-46,07-007,SOLOLA,NAHUALA,INSTITUTO MIXTO OXLAJUJ NOJ,CASERÍO CHUANAHUALÁ,53315919,DAVID FERNANDO PAZ LOPEZ,MANUEL ESQUIPULAS TZOC IXMATÁ,DIVERSIFICADO,PRIVADO,URBANA,ABIERTA,BILINGUE,VESPERTINA,DIARIO(REGULAR),SOLOLÁ,INSTITUTO OXLAJUJ NO'J,INSTITUTO,INSTITUTO OXLAJUJ NO'J_CASERÍO_CHUANAHUALÁ,OCCIDENTE,PRIVADO_BILINGUE_DIARIO(REGULAR)
07-05-2022-46,07-007,SOLOLA,NAHUALA,INSTITUTO COMUNITARIO DE CIENCIAS COMERCIALES EL ALTIPLANO,NAHUALA,52803917,DAVID FERNANDO PAZ LOPEZ,DIEGO VICTOR JAMINEZ TUM,DIVERSIFICADO,PRIVADO,URBANA,ABIERTA,MONOLINGUE,VESPERTINA,DIARIO(REGULAR),SOLOLÁ,INSTITUTO COMUNITARIO CIENCIAS COMERCIALES EL ALTIPLANO,INSTITUTO,INSTITUTO COMUNITARIO CIENCIAS COMERCIALES EL ALTIPLANO_NAHUALA,OCCIDENTE,PRIVADO_MONOLINGUE_DIARIO(REGULAR)
07-06-0036-46,07-008,SOLOLA,SANTA CATARINA IXTAHUACAN,INSTITUTO NACIONAL DE EDUCACIÓN DIVERSIFICADA,BARRIO EL CALVARIO,48873442,MAXIMILIANO LÓPEZ CRISTOBAL,IRMA YANET TAMBRIZ CHOX,DIVERSIFICADO,OFICIAL,URBANA,ABIERTA,MONOLINGUE,MATUTINA,DIARIO(REGULAR),SOLOLÁ,INSTITUTO NACIONAL EDUCACIÓN DIVERSIFICADA,INSTITUTO,INSTITUTO NACIONAL EDUCACIÓN DIVERSIFICADA_BARRIO_EL_CALVARIO,OCCIDENTE,OFICIAL_MONOLINGUE_DIARIO(REGULAR)
07-06-0084-46,07-008,SOLOLA,SANTA CATARINA IXTAHUACAN,ESCUELA NACIONAL DE CIENCIAS COMERCIALES DR. JUAN JOSÉ ARÉVALO BERMEJO,ALDEA CHIRIJOX,33239433,MAXIMILIANO LÓPEZ CRISTOBAL,PATRICIA TAMBRIZ Y TAMBRIZ,DIVERSIFICADO,OFICIAL,RURAL,ABIERTA,MONOLINGUE,VESPERTINA,DIARIO(REGULAR),SOLOLÁ,ESCUELA NACIONAL CIENCIAS COMERCIALES DR. JUAN JOSÉ ARÉVALO BERMEJO,ESCUELA,ESCUELA NACIONAL CIENCIAS COMERCIALES DR. JUAN JOSÉ ARÉVALO BERMEJO_ALDEA_CHIRIJOX,OCCIDENTE,OFICIAL_MONOLINGUE_DIARIO(REGULAR)
07-06-0098-46,07-018,SOLOLA,SANTA CATARINA IXTAHUACAN,INSTITUTO NACIONAL DE EDUCACIÓN DIVERSIFICADA DON PASCUAL TAMBRIZ TZEP,ALDEA LA CEIBA,57181585,IDELFONSO JERÓNIMO AMBROCIO TAMBRIZ,JUSTO ELISEO QUIVAJÁ CHUC,DIVERSIFICADO,OFICIAL,RURAL,ABIERTA,MONOLINGUE,VESPERTINA,DIARIO(REGULAR),SOLOLÁ,INSTITUTO NACIONAL EDUCACIÓN DIVERSIFICADA DON PASCUAL TAMBRIZ TZEP,INSTITUTO,INSTITUTO NACIONAL EDUCACIÓN DIVERSIFICADA DON PASCUAL TAMBRIZ TZEP_ALDEA_LA_CEIBA,OCCIDENTE,OFICIAL_MONOLINGUE_DIARIO(REGULAR)
07-06-0099-46,07-031,SOLOLA,SANTA CATARINA IXTAHUACAN,INSTITUTO DIVERSIFICADO NORMAL MIXTO POR COOPERATIVA KAK AQABAL,ANTIGUA SANTA CATARINA IXTAHUACAN,41745441,JUAN ROBERTO AJPACAJÁ GUACHIAC,JUAN ROBERTO AJPACAJÁ GUACHIAC,DIVERSIFICADO,COOPERATIVA,RURAL,ABIERTA,MONOLINGUE,VESPERTINA,DIARIO(REGULAR),SOLOLÁ,INSTITUTO DIVERSIFICADO NORMAL POR COOPERATIVA K'AK AQ'AB'AL,INSTITUTO,INSTITUTO DIVERSIFICADO NORMAL POR COOPERATIVA K'AK AQ'AB'AL_ANTIGUA_SANTA_CATARINA_IXTAHUACAN,OCCIDENTE,COOPERATIVA_MONOLINGUE_DIARIO(REGULAR)
07-06-0101-46,07-018,SOLOLA,SANTA CATARINA IXTAHUACAN,INSTITUTO NACIONAL DE EDUCACIÓN DIVERSIFICADA DON PASCUAL TAMBRIZ TZEP,ALDEA LA CEIBA,57181585,IDELFONSO JERÓNIMO AMBROCIO TAMBRIZ,JUSTO ELISEO QUIVAJÁ CHUC,DIVERSIFICADO,OFICIAL,RURAL,ABIERTA,BILINGUE,VESPERTINA,DIARIO(REGULAR),SOLOLÁ,INSTITUTO NACIONAL EDUCACIÓN DIVERSIFICADA DON PASCUAL TAMBRIZ TZEP,INSTITUTO,INSTITUTO NACIONAL EDUCACIÓN DIVERSIFICADA DON PASCUAL TAMBRIZ TZEP_ALDEA_LA_CEIBA,OCCIDENTE,OFICIAL_BILINGUE_DIARIO(REGULAR)
07-06-0146-46,07-009,SOLOLA,SANTA CATARINA IXTAHUACAN,CENTRO EDUCATIVO RI UTZIL FE Y ALEGRÍA NO. 42,CASERIO PASAQUIJUYUP,30328268,MANUEL CHOVÓN GUACHIAC,MANUEL GUARCHAJ TZAPUT,DIVERSIFICADO,PRIVADO,RURAL,ABIERTA,MONOLINGUE,VESPERTINA,DIARIO(REGULAR),SOLOLÁ,CENTRO EDUCATIVO RI UTZIL FE ALEGRÍA NO. 42,CENTRO,CENTRO EDUCATIVO RI UTZIL FE ALEGRÍA NO. 42_CASERIO_PASAQUIJUYUP,OCCIDENTE,PRIVADO_MONOLINGUE_DIARIO(REGULAR)
07-06-0584-46,07-008,SOLOLA,SANTA CATARINA IXTAHUACAN,INSTITUTO COMUNITARIO PARAISO MAYA,BARRIO CALVARIO,30652376,MAXIMILIANO LÓPEZ CRISTOBAL,FRANCISCO CECILIO AJPACAJA,DIVERSIFICADO,PRIVADO,URBANA,ABIERTA,BILINGUE,VESPERTINA,DIARIO(REGULAR),SOLOLÁ,INSTITUTO COMUNITARIO PARAISO MAYA,INSTITUTO,INSTITUTO COMUNITARIO PARAISO MAYA_BARRIO_CALVARIO,OCCIDENTE,PRIVADO_BILINGUE_DIARIO(REGULAR)
07-07-0013-46,07-016,SOLOLA,SANTA CLARA LA LAGUNA,INSTITUTO NACIONAL DE EDUCACIÓN DIVERSIFICADA,ESCUELA OFICIAL URBANA MIXTA NO. 2,54285944,ENRIQUE RAFAEL CHIYAL TÓ,MARIO SAMUEL COTUC CUMES,DIVERSIFICADO,OFICIAL,URBANA,ABIERTA,MONOLINGUE,VESPERTINA,DIARIO(REGULAR),SOLOLÁ,INSTITUTO NACIONAL EDUCACIÓN DIVERSIFICADA,INSTITUTO,INSTITUTO NACIONAL EDUCACIÓN DIVERSIFICADA_ESCUELA_OFICIAL_URBANA_MIXTA_NO._2,OCCIDENTE,OFICIAL_MONOLINGUE_DIARIO(REGULAR)
07-07-0018-46,07-016,SOLOLA,SANTA CLARA LA LAGUNA,CENTRO EDUCATIVO COMUNITARIO (CEDCOM),"2A, AVENIDA 6-24 ZONA 1",79272004,ENRIQUE RAFAEL CHIYAL TÓ,FRANCISCO ROBERTO RAMÍREZ IXMATÁ,DIVERSIFICADO,PRIVADO,URBANA,ABIERTA,MONOLINGUE,VESPERTINA,DIARIO(REGULAR),SOLOLÁ,CENTRO EDUCATIVO COMUNITARIO (CEDCOM),CENTRO,"CENTRO EDUCATIVO COMUNITARIO (CEDCOM)_2A,_AVENIDA_6-24_ZONA_1",OCCIDENTE,PRIVADO_MONOLINGUE_DIARIO(REGULAR)
07-07-0022-46,07-016,SOLOLA,SANTA CLARA LA LAGUNA,CENTRO EDUCATIVO DE FORMACION INTEGRAL SANTA CLARA -CEFISAC-,BARRIO SAN ANTONIO,51183129,ENRIQUE RAFAEL CHIYAL TÓ,JUAN SAC TUJ,DIVERSIFICADO,PRIVADO,URBANA,ABIERTA,MONOLINGUE,DOBLE,FIN DE SEMANA,SOLOLÁ,CENTRO EDUCATIVO FORMACION INTEGRAL SANTA CLARA -CEFISAC-,CENTRO,CENTRO EDUCATIVO FORMACION INTEGRAL SANTA CLARA -CEFISAC-_BARRIO_SAN_ANTONIO,OCCIDENTE,PRIVADO_MONOLINGUE_FIN_DE_SEMANA
07-09-0010-46,07-017,SOLOLA,SAN ANDRES SEMETABAJ,INED INSTITUTO NACIONAL DE EDUCACIÓN DIVERSIFICADA,BARRIO EL CENTRO,58237400,JOSÉ MARVIN VELÁSQUEZ CULULÉN,REINALDO PEDRO MIGUEL TACÁN XAMBÁ,DIVERSIFICADO,OFICIAL,URBANA,ABIERTA,BILINGUE,VESPERTINA,DIARIO(REGULAR),SOLOLÁ,INED NACIONAL EDUCACIÓN DIVERSIFICADA,INSTITUTO,INED NACIONAL EDUCACIÓN DIVERSIFICADA_BARRIO_EL_CENTRO,OCCIDENTE,OFICIAL_BILINGUE_DIARIO(REGULAR)
07-09-0023-46,07-017,SOLOLA,SAN ANDRES SEMETABAJ,INSTITUTO MIXTO DE EDUCACIÓN DIVERSIFICADA POR COOPERATIVA,ALDEA GODÍNEZ,53243719,JOSÉ MARVIN VELÁSQUEZ CULULÉN,FAVIOLA CANDIDA MOTTA DE LEÓN,DIVERSIFICADO,COOPERATIVA,RURAL,ABIERTA,MONOLINGUE,VESPERTINA,DIARIO(REGULAR),SOLOLÁ,INSTITUTO EDUCACIÓN DIVERSIFICADA POR COOPERATIVA,INSTITUTO,INSTITUTO EDUCACIÓN DIVERSIFICADA POR COOPERATIVA_ALDEA_GODÍNEZ,OCCIDENTE,COOPERATIVA_MONOLINGUE_DIARIO(REGULAR)
07-09-0570-46,07-017,SOLOLA,SAN ANDRES SEMETABAJ,INSTITUTO INDIGENA NUESTRA SEÑORA DEL SOCORRO,BARRIO EL CENTRO,77221822,JOSÉ MARVIN VELÁSQUEZ CULULÉN,NELY MELINA LÓPEZ RAXTÚN,DIVERSIFICADO,PRIVADO,URBANA,ABIERTA,MONOLINGUE,DOBLE,DIARIO(REGULAR),SOLOLÁ,INSTITUTO INDIGENA NUESTRA SEÑORA DEL SOCORRO,INSTITUTO,INSTITUTO INDIGENA NUESTRA SEÑORA DEL SOCORRO_BARRIO_EL_CENTRO,OCCIDENTE,PRIVADO_MONOLINGUE_DIARIO(REGULAR)
07-10-0001-46,07-011,SOLOLA,PANAJACHEL,LICEO EVANGÉLICO EBEN-EZER,0 CALLE 0-22 ZONA 1,77621715,PORFIRIO GEREMIAS PAR CHAVAJAY,MILDRED REBECA HERNÁNDEZ CHÁVEZ,DIVERSIFICADO,PRIVADO,URBANA,ABIERTA,MONOLINGUE,MATUTINA,DIARIO(REGULAR),SOLOLÁ,LICEO EVANGÉLICO EBEN-EZER,LICEO,LICEO EVANGÉLICO EBEN-EZER_0_CALLE_0-22_ZONA_1,OCCIDENTE,PRIVADO_MONOLINGUE_DIARIO(REGULAR)
07-10-0007-46,07-011,SOLOLA,PANAJACHEL,INSTITUTO NACIONAL DE EDUCACIÓN DIVERSIFICADA,0 AVENIDA 3-03 ZONA 4,77621417,PORFIRIO GEREMIAS PAR CHAVAJAY,NANCY GABRIELA YOXÓN CÚMES,DIVERSIFICADO,OFICIAL,RURAL,ABIERTA,MONOLINGUE,VESPERTINA,DIARIO(REGULAR),SOLOLÁ,INSTITUTO NACIONAL EDUCACIÓN DIVERSIFICADA,INSTITUTO,INSTITUTO NACIONAL EDUCACIÓN DIVERSIFICADA_0_AVENIDA_3-03_ZONA_4,OCCIDENTE,OFICIAL_MONOLINGUE_DIARIO(REGULAR)
07-10-0031-46,07-011,SOLOLA,PANAJACHEL,COLEGIO PRIVADO TECHNICIENCIA DEL LAGO,CALLE PRINCIPAL 0-72 ZONA 2,77620035,PORFIRIO GEREMIAS PAR CHAVAJAY,OLGA YESENIA ROSALES ORDÓÑEZ,DIVERSIFICADO,PRIVADO,URBANA,ABIERTA,MONOLINGUE,DOBLE,DIARIO(REGULAR),SOLOLÁ,COLEGIO TECHNICIENCIA DEL LAGO,COLEGIO,COLEGIO TECHNICIENCIA DEL LAGO_CALLE_PRINCIPAL_0-72_ZONA_2,OCCIDENTE,PRIVADO_MONOLINGUE_DIARIO(REGULAR)
07-10-0032-46,07-011,SOLOLA,PANAJACHEL,LICEO EVANGÉLICO EBEN-EZER,0 CALLE 0-22 ZONA 1,77622043,PORFIRIO GEREMIAS PAR CHAVAJAY,MILDRED REBECA HERNÁNDEZ CHÁVEZ,DIVERSIFICADO,PRIVADO,URBANA,ABIERTA,MONOLINGUE,DOBLE,DIARIO(REGULAR),SOLOLÁ,LICEO EVANGÉLICO EBEN-EZER,LICEO,LICEO EVANGÉLICO EBEN-EZER_0_CALLE_0-22_ZONA_1,OCCIDENTE,PRIVADO_MONOLINGUE_DIARIO(REGULAR)
07-10-0037-46,07-011,SOLOLA,PANAJACHEL,PANAJACHEL COLEGIO INTERNACIONAL,2DA. AVENIDA (VP) 4-33 ZONA 1,36179676,PORFIRIO GEREMIAS PAR CHAVAJAY,ABNER ISAÍAS SAMINES QUECHÉ,DIVERSIFICADO,PRIVADO,URBANA,ABIERTA,MONOLINGUE,MATUTINA,DIARIO(REGULAR),SOLOLÁ,PANAJACHEL INTERNACIONAL,COLEGIO,PANAJACHEL INTERNACIONAL_2DA._AVENIDA_(VP)_4-33_ZONA_1,OCCIDENTE,PRIVADO_MONOLINGUE_DIARIO(REGULAR)
07-10-0038-46,07-011,SOLOLA,PANAJACHEL,COLEGIO MIXTO LICEO PANAJACHEL,"CALLE PRINCIPAL FRENTE AL PARQUE MUNICIPAL, ZONA 01",55693589,PORFIRIO GEREMIAS PAR CHAVAJAY,JUANA XON XON,DIVERSIFICADO,PRIVADO,URBANA,ABIERTA,MONOLINGUE,DOBLE,FIN DE SEMANA,SOLOLÁ,COLEGIO LICEO PANAJACHEL,COLEGIO,"COLEGIO LICEO PANAJACHEL_CALLE_PRINCIPAL_FRENTE_AL_PARQUE_MUNICIPAL,_ZONA_01",OCCIDENTE,PRIVADO_MONOLINGUE_FIN_DE_SEMANA
07-10-0041-46,07-011,SOLOLA,PANAJACHEL,INSTITUTO NACIONAL DE EDUCACIÓN DIVERSIFICADA,0 AVENIDA 3-03 ZONA 4,77621417,PORFIRIO GEREMIAS PAR CHAVAJAY,NANCY GABRIELA YOXÓN CÚMES,DIVERSIFICADO,OFICIAL,URBANA,ABIERTA,MONOLINGUE,DOBLE,DIARIO(REGULAR),SOLOLÁ,INSTITUTO NACIONAL EDUCACIÓN DIVERSIFICADA,INSTITUTO,INSTITUTO NACIONAL EDUCACIÓN DIVERSIFICADA_0_AVENIDA_3-03_ZONA_4,OCCIDENTE,OFICIAL_MONOLINGUE_DIARIO(REGULAR)
07-10-0043-46,07-011,SOLOLA,PANAJACHEL,COLEGIO POR MADUREZ TIJAX,CALLE PRINCIPAL ZONA 1,55693589,PORFIRIO GEREMIAS PAR CHAVAJAY,JUANA XON XON,DIVERSIFICADO,PRIVADO,URBANA,ABIERTA,MONOLINGUE,SIN JORNADA,SEMIPRESENCIAL (UN DÍA A LA SEMANA),SOLOLÁ,COLEGIO POR MADUREZ TIJAX,COLEGIO,COLEGIO POR MADUREZ TIJAX_CALLE_PRINCIPAL_ZONA_1,OCCIDENTE,PRIVADO_MONOLINGUE_SEMIPRESENCIAL_(UN_DÍA_A_LA_SEMANA)
07-10-0047-46,07-011,SOLOLA,PANAJACHEL,INSTITUTO NACIONAL DE EDUCACIÓN DIVERSIFICADA,ALDEA PATANATIC,77620672,PORFIRIO GEREMIAS PAR CHAVAJAY,MARIO EDUARDO CHURUNEL PÉREZ,DIVERSIFICADO,OFICIAL,RURAL,ABIERTA,MONOLINGUE,VESPERTINA,DIARIO(REGULAR),SOLOLÁ,INSTITUTO NACIONAL EDUCACIÓN DIVERSIFICADA,INSTITUTO,INSTITUTO NACIONAL EDUCACIÓN DIVERSIFICADA_ALDEA_PATANATIC,OCCIDENTE,OFICIAL_MONOLINGUE_DIARIO(REGULAR)
07-10-0048-46,07-011,SOLOLA,PANAJACHEL,INSTITUTO NACIONAL DE EDUCACIÓN DIVERSIFICADA,SECTOR JUCANYA,77620672,PORFIRIO GEREMIAS PAR CHAVAJAY,JOSEFINA ARELY AVENDAÑO MIJANGOS,DIVERSIFICADO,OFICIAL,RURAL,ABIERTA,MONOLINGUE,NOCTURNA,DIARIO(REGULAR),SOLOLÁ,INSTITUTO NACIONAL EDUCACIÓN DIVERSIFICADA,INSTITUTO,INSTITUTO NACIONAL EDUCACIÓN DIVERSIFICADA_SECTOR_JUCANYA,OCCIDENTE,OFICIAL_MONOLINGUE_DIARIO(REGULAR)
07-10-0701-46,07-011,SOLOLA,PANAJACHEL,COLEGIO SAN FRANCISCO,2A. AVENIDA (V.P.) 1-43 ZONA 1,77626164,PORFIRIO GEREMIAS PAR CHAVAJAY,DIEGO FRANCISCO COSME RECINOS,DIVERSIFICADO,PRIVADO,URBANA,ABIERTA,MONOLINGUE,MATUTINA,DIARIO(REGULAR),SOLOLÁ,COLEGIO SAN FRANCISCO,COLEGIO,COLEGIO SAN FRANCISCO_2A._AVENIDA_(V.P.)_1-43_ZONA_1,OCCIDENTE,PRIVADO_MONOLINGUE_DIARIO(REGULAR)
07-10-2418-46,07-011,SOLOLA,PANAJACHEL,"LICEO URRUTIA CEEP, CENTRO EDUCATIVO EXPERIMENTAL Y PROFESIONAL",1A. CALLE 0-45 ZONA 1,40527345,PORFIRIO GEREMIAS PAR CHAVAJAY,ELENA PATRICIA ORELLANA URRUTIA,DIVERSIFICADO,PRIVADO,URBANA,ABIERTA,MONOLINGUE,MATUTINA,DIARIO(REGULAR),SOLOLÁ,"LICEO URRUTIA CEEP, EDUCATIVO EXPERIMENTAL PROFESIONAL",LICEO,"LICEO URRUTIA CEEP, EDUCATIVO EXPERIMENTAL PROFESIONAL_1A._CALLE_0-45_ZONA_1",OCCIDENTE,PRIVADO_MONOLINGUE_DIARIO(REGULAR)
07-10-2419-46,07-011,SOLOLA,PANAJACHEL,"LICEO URRUTIA CEEP, CENTRO EDUCATIVO EXPERIMENTAL Y PROFESIONAL",1A. CALLE 0-45 ZONA 1,40527345,PORFIRIO GEREMIAS PAR CHAVAJAY,ELENA PATRICIA ORELLANA URRUTIA,DIVERSIFICADO,PRIVADO,URBANA,ABIERTA,MONOLINGUE,VESPERTINA,DIARIO(REGULAR),SOLOLÁ,"LICEO URRUTIA CEEP, EDUCATIVO EXPERIMENTAL PROFESIONAL",LICEO,"LICEO URRUTIA CEEP, EDUCATIVO EXPERIMENTAL PROFESIONAL_1A._CALLE_0-45_ZONA_1",OCCIDENTE,PRIVADO_MONOLINGUE_DIARIO(REGULAR)
07-10-2484-46,07-011,SOLOLA,PANAJACHEL,COLEGIO PRIVADO TECHNICIENCIA DEL LAGO,CALLE PRINCIPAL 0-72 ZONA 2,77620035,PORFIRIO GEREMIAS PAR CHAVAJAY,OLGA YESENIA ROSALES ORDÓÑEZ,DIVERSIFICADO,PRIVADO,URBANA,ABIERTA,MONOLINGUE,VESPERTINA,DIARIO(REGULAR),SOLOLÁ,COLEGIO TECHNICIENCIA DEL LAGO,COLEGIO,COLEGIO TECHNICIENCIA DEL LAGO_CALLE_PRINCIPAL_0-72_ZONA_2,OCCIDENTE,PRIVADO_MONOLINGUE_DIARIO(REGULAR)
07-10-3038-46,07-011,SOLOLA,PANAJACHEL,COLEGIO MIXTO JUAN PABLO II,CALLE DE LOS ARBOLES,77620346,PORFIRIO GEREMIAS PAR CHAVAJAY,LUCÍA EUGENIA XON CORADO,DIVERSIFICADO,PRIVADO,URBANA,ABIERTA,MONOLINGUE,MATUTINA,DIARIO(REGULAR),SOLOLÁ,COLEGIO JUAN PABLO II,COLEGIO,COLEGIO JUAN PABLO II_CALLE_DE_LOS_ARBOLES,OCCIDENTE,PRIVADO_MONOLINGUE_DIARIO(REGULAR)
07-10-3075-46,07-011,SOLOLA,PANAJACHEL,COLEGIO ACADEMIA MULTICULTURAL ATITLAN,1A. AVENIDA 0-68 ZONA 2,77620490,PORFIRIO GEREMIAS PAR CHAVAJAY,LUCÍA EUGENIA XON CORADO,DIVERSIFICADO,PRIVADO,URBANA,ABIERTA,MONOLINGUE,VESPERTINA,DIARIO(REGULAR),SOLOLÁ,COLEGIO ACADEMIA MULTICULTURAL ATITLAN,COLEGIO,COLEGIO ACADEMIA MULTICULTURAL ATITLAN_1A._AVENIDA_0-68_ZONA_2,OCCIDENTE,PRIVADO_MONOLINGUE_DIARIO(REGULAR)
07-12-0007-46,07-023,SOLOLA,SAN ANTONIO PALOPO,INSTITUTO NACIONAL DE EDUCACIÓN DIVERSIFICADA -INED-,ALDEA AGUA ESCONDIDA,31869860,EDWIN WILFREDO AJCALÓN YAXÓN,ALEX NEHEMÍAS SACUJ MORALES,DIVERSIFICADO,OFICIAL,RURAL,ABIERTA,MONOLINGUE,VESPERTINA,DIARIO(REGULAR),SOLOLÁ,INSTITUTO NACIONAL EDUCACIÓN DIVERSIFICADA -INED-,INSTITUTO,INSTITUTO NACIONAL EDUCACIÓN DIVERSIFICADA -INED-_ALDEA_AGUA_ESCONDIDA,OCCIDENTE,OFICIAL_MONOLINGUE_DIARIO(REGULAR)
07-13-0016-46,07-030,SOLOLA,SAN LUCAS TOLIMAN,INSTITUTO NACIONAL DE EDUCACIÓN DIVERSIFICADA,AVENIDA PAVAROTTI FINAL,50181471,ABRAHAM ALBERTO COSIGUA MEJIA,JORGE HUMBERTO VÉLIZ NAVICHOC,DIVERSIFICADO,OFICIAL,URBANA,ABIERTA,MONOLINGUE,VESPERTINA,DIARIO(REGULAR),SOLOLÁ,INSTITUTO NACIONAL EDUCACIÓN DIVERSIFICADA,INSTITUTO,INSTITUTO NACIONAL EDUCACIÓN DIVERSIFICADA_AVENIDA_PAVAROTTI_FINAL,OCCIDENTE,OFICIAL_MONOLINGUE_DIARIO(REGULAR)
07-13-0027-46,07-030,SOLOLA,SAN LUCAS TOLIMAN,CENTRO DE ESTUDIOS AVANZADOS,3AV. 5-75 ZONA 1 CALZADA LA PAZ,45125453,ABRAHAM ALBERTO COSIGUA MEJIA,ESTEBAN SANTIAGO GARCIA,DIVERSIFICADO,PRIVADO,URBANA,ABIERTA,MONOLINGUE,VESPERTINA,DIARIO(REGULAR),SOLOLÁ,CENTRO ESTUDIOS AVANZADOS,CENTRO,CENTRO ESTUDIOS AVANZADOS_3AV._5-75_ZONA_1_CALZADA_LA_PAZ,OCCIDENTE,PRIVADO_MONOLINGUE_DIARIO(REGULAR)
07-13-0028-46,07-030,SOLOLA,SAN LUCAS TOLIMAN,CENTRO DE ESTUDIOS AVANZADOS,3AV. 5-75 ZONA 1 CALZADA LA PAZ,45125453,ABRAHAM ALBERTO COSIGUA MEJIA,ESTEBAN SANTIAGO GARCIA,DIVERSIFICADO,PRIVADO,URBANA,ABIERTA,MONOLINGUE,MATUTINA,DIARIO(REGULAR),SOLOLÁ,CENTRO ESTUDIOS AVANZADOS,CENTRO,CENTRO ESTUDIOS AVANZADOS_3AV._5-75_ZONA_1_CALZADA_LA_PAZ,OCCIDENTE,PRIVADO_MONOLINGUE_DIARIO(REGULAR)
07-13-0029-46,07-030,SOLOLA,SAN LUCAS TOLIMAN,CENTRO DE ESTUDIOS AVANZADOS,3AV. 5-75 ZONA 1 CALZADA LA PAZ,45125453,ABRAHAM ALBERTO COSIGUA MEJIA,ESTEBAN SANTIAGO GARCIA,DIVERSIFICADO,PRIVADO,URBANA,ABIERTA,MONOLINGUE,DOBLE,FIN DE SEMANA,SOLOLÁ,CENTRO ESTUDIOS AVANZADOS,CENTRO,CENTRO ESTUDIOS AVANZADOS_3AV._5-75_ZONA_1_CALZADA_LA_PAZ,OCCIDENTE,PRIVADO_MONOLINGUE_FIN_DE_SEMANA
07-13-0037-46,07-030,SOLOLA,SAN LUCAS TOLIMAN,CENTRO EDUCATIVO SANTO DOMINGO,5TA. CALLE 6-79 ZONA 1,77220266,ABRAHAM ALBERTO COSIGUA MEJIA,JORGE HUMBERTO VÉLIZ NAVICHOC,DIVERSIFICADO,PRIVADO,URBANA,ABIERTA,MONOLINGUE,NOCTURNA,DIARIO(REGULAR),SOLOLÁ,CENTRO EDUCATIVO SANTO DOMINGO,CENTRO,CENTRO EDUCATIVO SANTO DOMINGO_5TA._CALLE_6-79_ZONA_1,OCCIDENTE,PRIVADO_MONOLINGUE_DIARIO(REGULAR)
07-13-0038-46,07-030,SOLOLA,SAN LUCAS TOLIMAN,CENTRO EDUCATIVO SANTO DOMINGO,5TA. CALLE 6-79 ZONA 1,77220266,ABRAHAM ALBERTO COSIGUA MEJIA,JORGE HUMBERTO VÉLIZ NAVICHOC,DIVERSIFICADO,PRIVADO,URBANA,ABIERTA,MONOLINGUE,VESPERTINA,DIARIO(REGULAR),SOLOLÁ,CENTRO EDUCATIVO SANTO DOMINGO,CENTRO,CENTRO EDUCATIVO SANTO DOMINGO_5TA._CALLE_6-79_ZONA_1,OCCIDENTE,PRIVADO_MONOLINGUE_DIARIO(REGULAR)
07-13-0046-46,07-030,SOLOLA,SAN LUCAS TOLIMAN,INSTITUTO MIXTO DE EDUCACIÓN DIVERSIFICADA POR COOPERATIVA,PARCELAMIENTO PAMPOJILÁ,58900781,ABRAHAM ALBERTO COSIGUA MEJIA,GERARDO MORALES CUJ,DIVERSIFICADO,COOPERATIVA,RURAL,ABIERTA,MONOLINGUE,VESPERTINA,DIARIO(REGULAR),SOLOLÁ,INSTITUTO EDUCACIÓN DIVERSIFICADA POR COOPERATIVA,INSTITUTO,INSTITUTO EDUCACIÓN DIVERSIFICADA POR COOPERATIVA_PARCELAMIENTO_PAMPOJILÁ,OCCIDENTE,COOPERATIVA_MONOLINGUE_DIARIO(REGULAR)
07-13-0331-46,07-030,SOLOLA,SAN LUCAS TOLIMAN,ESCUELA NACIONAL DE CIENCIAS COMERCIALES CARLOTA RAPHAEL DE DIAZ,5A. CALLE 5-65 ZONA 1,77220200,ABRAHAM ALBERTO COSIGUA MEJIA,MARÍA FRANCISCA JULAJUJ MEJÍA,DIVERSIFICADO,OFICIAL,URBANA,ABIERTA,MONOLINGUE,VESPERTINA,DIARIO(REGULAR),SOLOLÁ,ESCUELA NACIONAL CIENCIAS COMERCIALES CARLOTA RAPHAEL DIAZ,ESCUELA,ESCUELA NACIONAL CIENCIAS COMERCIALES CARLOTA RAPHAEL DIAZ_5A._CALLE_5-65_ZONA_1,OCCIDENTE,OFICIAL_MONOLINGUE_DIARIO(REGULAR)
07-13-2708-46,07-030,SOLOLA,SAN LUCAS TOLIMAN,COLEGIO INTEGRAL TOLIMAN,1A. Y 2A. CALLE DE LA 7A AVENIDA 1-71 ZONA 1,77930645,ABRAHAM ALBERTO COSIGUA MEJIA,CRUZ MENDOZA YAXÓN,DIVERSIFICADO,PRIVADO,URBANA,ABIERTA,BILINGUE,VESPERTINA,DIARIO(REGULAR),SOLOLÁ,COLEGIO INTEGRAL TOLIMAN,COLEGIO,COLEGIO INTEGRAL TOLIMAN_1A._Y_2A._CALLE_DE_LA_7A_AVENIDA_1-71_ZONA_1,OCCIDENTE,PRIVADO_BILINGUE_DIARIO(REGULAR)
07-13-2869-46,07-030,SOLOLA,SAN LUCAS TOLIMAN,CENTRO EDUCATIVO SANTO DOMINGO,5TA. CALLE 6-79 ZONA 1,77220266,ABRAHAM ALBERTO COSIGUA MEJIA,JORGE HUMBERTO VÉLIZ NAVICHOC,DIVERSIFICADO,PRIVADO,URBANA,ABIERTA,MONOLINGUE,DOBLE,FIN DE SEMANA,SOLOLÁ,CENTRO EDUCATIVO SANTO DOMINGO,CENTRO,CENTRO EDUCATIVO SANTO DOMINGO_5TA._CALLE_6-79_ZONA_1,OCCIDENTE,PRIVADO_MONOLINGUE_FIN_DE_SEMANA
07-15-0005-46,07-021,SOLOLA,SAN PABLO LA LAGUNA,INSTITUTO NACIONAL DE EDUCACIÓN DIVERSIFICADA,2DA. AVENIDA 4-60 ZONA 2,35310445,ADA LORENA HERNÁNDEZ AGUILAR,FREDY ROMEO LEJA CULUM,DIVERSIFICADO,OFICIAL,URBANA,ABIERTA,MONOLINGUE,VESPERTINA,DIARIO(REGULAR),SOLOLÁ,INSTITUTO NACIONAL DIVERSIFICADA,INSTITUTO,INSTITUTO NACIONAL DIVERSIFICADA_2DA._AVENIDA_4-60_ZONA_2,OCCIDENTE,OFICIAL_MONOLINGUE_DIARIO(REGULAR)
07-15-0012-46,07-021,SOLOLA,SAN PABLO LA LAGUNA,CENTRO EDUCATIVO COMUNITARIO DE FORMACIÓN INTEGRAL SAN PABLO,3RA AVENIDA 1-68 ZONA 1,52665797,ADA LORENA HERNÁNDEZ AGUILAR,PEDRO CULUM IXCAYA,DIVERSIFICADO,PRIVADO,URBANA,ABIERTA,MONOLINGUE,DOBLE,FIN DE SEMANA,SOLOLÁ,CENTRO EDUCATIVO COMUNITARIO FORMACIÓN INTEGRAL SAN PABLO,CENTRO,CENTRO EDUCATIVO COMUNITARIO FORMACIÓN INTEGRAL SAN PABLO_3RA_AVENIDA_1-68_ZONA_1,OCCIDENTE,PRIVADO_MONOLINGUE_FIN_DE_SEMANA
07-17-0012-46,07-028,SOLOLA,SAN JUAN LA LAGUNA,INSTITUTO NACIONAL DE EDUCACIÓN DIVERSIFICADA,0 CALLE A CANTÓN XE KAQASIIWAAN ZONA 1,54120573,ANA FLORINDA DIONISIO YAC,FRANCISCO JAVIER UJPÁN HERNÁNDEZ,DIVERSIFICADO,OFICIAL,URBANA,ABIERTA,MONOLINGUE,MATUTINA,DIARIO(REGULAR),SOLOLÁ,INSTITUTO NACIONAL EDUCACIÓN DIVERSIFICADA,INSTITUTO,INSTITUTO NACIONAL EDUCACIÓN DIVERSIFICADA_0_CALLE_A_CANTÓN_XE_KAQASIIWAAN_ZONA_1,OCCIDENTE,OFICIAL_MONOLINGUE_DIARIO(REGULAR)
07-17-0027-46,07-028,SOLOLA,SAN JUAN LA LAGUNA,LICEO SISTEMATICO INTEGRAL -LISI-,CANTÓN CHI NIMAYA,47363428,ANA FLORINDA DIONISIO YAC,PEDRO SANTIAGO CUC CHOLOTÍO,DIVERSIFICADO,PRIVADO,RURAL,ABIERTA,MONOLINGUE,MATUTINA,DIARIO(REGULAR),SOLOLÁ,LICEO SISTEMATICO INTEGRAL -LISI-,LICEO,LICEO SISTEMATICO INTEGRAL -LISI-_CANTÓN_CHI_NIMAYA,OCCIDENTE,PRIVADO_MONOLINGUE_DIARIO(REGULAR)
07-17-0028-46,07-028,SOLOLA,SAN JUAN LA LAGUNA,INSTITUTO NACIONAL DE EDUCACIÓN DIVERSIFICADA,0 CALLE A CANTON XE KAQASIIWAAN ZONA 1,54120573,ANA FLORINDA DIONISIO YAC,FRANCISCO JAVIER UJPÁN HERNÁNDEZ,DIVERSIFICADO,OFICIAL,URBANA,ABIERTA,MONOLINGUE,DOBLE,DIARIO(REGULAR),SOLOLÁ,INSTITUTO NACIONAL EDUCACIÓN DIVERSIFICADA,INSTITUTO,INSTITUTO NACIONAL EDUCACIÓN DIVERSIFICADA_0_CALLE_A_CANTON_XE_KAQASIIWAAN_ZONA_1,OCCIDENTE,OFICIAL_MONOLINGUE_DIARIO(REGULAR)
07-17-2619-46,07-028,SOLOLA,SAN JUAN LA LAGUNA,CENTRO EDUCATIVO INTEGRAL MAYA TZUTUJIL OSCAR AZMITIA,CANTÓN PANOXTI,58324172,ANA FLORINDA DIONISIO YAC,CRISTÓBAL ERMITAÑO CHOLOTÍO VÁSQUEZ,DIVERSIFICADO,PRIVADO,URBANA,ABIERTA,MONOLINGUE,VESPERTINA,DIARIO(REGULAR),SOLOLÁ,CENTRO EDUCATIVO INTEGRAL MAYA TZ'UTUJIL OSCAR AZMITIA,CENTRO,CENTRO EDUCATIVO INTEGRAL MAYA TZ'UTUJIL OSCAR AZMITIA_CANTÓN_PANOXTI,OCCIDENTE,PRIVADO_MONOLINGUE_DIARIO(REGULAR)
07-18-0008-46,07-013,SOLOLA,SAN PEDRO LA LAGUNA,INSTITUTO NACIONAL DE EDUCACIÓN DIVERSIFICADA,4A. AVENIDA D 5-35 ZONA 2 CANTÓN CHUACANTÉ,54844813,MANUEL EDUARDO CHOLOTIO COCHE,JOSÉ MARÍA GONZALEZ ROCCHÉ,DIVERSIFICADO,OFICIAL,URBANA,ABIERTA,MONOLINGUE,MATUTINA,DIARIO(REGULAR),SOLOLÁ,INSTITUTO NACIONAL EDUCACIÓN DIVERSIFICADA,INSTITUTO,INSTITUTO NACIONAL EDUCACIÓN DIVERSIFICADA_4A._AVENIDA_D_5-35_ZONA_2_CANTÓN_CHUACANTÉ,OCCIDENTE,OFICIAL_MONOLINGUE_DIARIO(REGULAR)
07-18-0017-46,07-013,SOLOLA,SAN PEDRO LA LAGUNA,COLEGIO EVANGELICO BILINGUE HOLANDES,SAN PEDRO LA LAGUNA,59601419,MANUEL EDUARDO CHOLOTIO COCHE,ERWIN DANIEL UJPÁN UJPÁN,DIVERSIFICADO,PRIVADO,URBANA,ABIERTA,MONOLINGUE,MATUTINA,DIARIO(REGULAR),SOLOLÁ,COLEGIO EVANGELICO BILINGUE HOLANDES,COLEGIO,COLEGIO EVANGELICO BILINGUE HOLANDES_SAN_PEDRO_LA_LAGUNA,OCCIDENTE,PRIVADO_MONOLINGUE_DIARIO(REGULAR)
07-18-0022-46,07-013,SOLOLA,SAN PEDRO LA LAGUNA,COLEGIO DE FORMACIÓN TECNOLÓGICA,7A. AVENIDA 2-20 ZONA 2,77218193,MANUEL EDUARDO CHOLOTIO COCHE,ONELIA EVARISTA POP PÉREZ,DIVERSIFICADO,PRIVADO,URBANA,ABIERTA,MONOLINGUE,MATUTINA,VIRTUAL A DISTANCIA,SOLOLÁ,COLEGIO FORMACIÓN TECNOLÓGICA,COLEGIO,COLEGIO FORMACIÓN TECNOLÓGICA_7A._AVENIDA_2-20_ZONA_2,OCCIDENTE,PRIVADO_MONOLINGUE_VIRTUAL_A_DISTANCIA
07-18-0026-46,07-013,SOLOLA,SAN PEDRO LA LAGUNA,COLEGIO PRIVADO EVANGÉLICO BETHEL,"6A. AVENIDA ""A"" 4-44 ZONA 2",47402226,MANUEL EDUARDO CHOLOTIO COCHE,ESDRAS SAMUEL MEJIA QUEJÚ,DIVERSIFICADO,PRIVADO,URBANA,ABIERTA,MONOLINGUE,MATUTINA,DIARIO(REGULAR),SOLOLÁ,COLEGIO EVANGÉLICO BETHEL,COLEGIO,"COLEGIO EVANGÉLICO BETHEL_6A._AVENIDA_""A""_4-44_ZONA_2",OCCIDENTE,PRIVADO_MONOLINGUE_DIARIO(REGULAR)
07-18-0027-46,07-013,SOLOLA,SAN PEDRO LA LAGUNA,COLEGIO PRIVADO EVANGÉLICO BETHEL,"6A. AVENIDA ""A"" 4-44, ZONA 2",47402226,MANUEL EDUARDO CHOLOTIO COCHE,ESDRAS SAMUEL MEJIA QUEJÚ,DIVERSIFICADO,PRIVADO,URBANA,ABIERTA,MONOLINGUE,DOBLE,DIARIO(REGULAR),SOLOLÁ,COLEGIO EVANGÉLICO BETHEL,COLEGIO,"COLEGIO EVANGÉLICO BETHEL_6A._AVENIDA_""A""_4-44,_ZONA_2",OCCIDENTE,PRIVADO_MONOLINGUE_DIARIO(REGULAR)
07-18-0028-46,07-013,SOLOLA,SAN PEDRO LA LAGUNA,TECNOLÓGICO BETHEL,"6TA. AVENIDA 4-45, ZONA 2",47402226,MANUEL EDUARDO CHOLOTIO COCHE,ESDRAS SAMUEL MEJIA QUEJÚ,DIVERSIFICADO,PRIVADO,URBANA,ABIERTA,MONOLINGUE,MATUTINA,DIARIO(REGULAR),SOLOLÁ,TECNOLÓGICO BETHEL,OTRO,"TECNOLÓGICO BETHEL_6TA._AVENIDA_4-45,_ZONA_2",OCCIDENTE,PRIVADO_MONOLINGUE_DIARIO(REGULAR)
07-18-1992-46,07-013,SOLOLA,SAN PEDRO LA LAGUNA,CENTRO EDUCATIVO COMUNITARIO TZUTUJIL,6A. AVENIDA 6-39 ZONA 3 CANTÓN CHUASANAHI,42207299,MANUEL EDUARDO CHOLOTIO COCHE,JOSÉ MARÍA GONZALEZ ROCCHÉ,DIVERSIFICADO,PRIVADO,URBANA,ABIERTA,MONOLINGUE,VESPERTINA,DIARIO(REGULAR),SOLOLÁ,CENTRO EDUCATIVO COMUNITARIO TZ'UTUJIL,CENTRO,CENTRO EDUCATIVO COMUNITARIO TZ'UTUJIL_6A._AVENIDA_6-39_ZONA_3_CANTÓN_CHUASANAHI,OCCIDENTE,PRIVADO_MONOLINGUE_DIARIO(REGULAR)
07-18-3112-46,07-013,SOLOLA,SAN PEDRO LA LAGUNA,INSTITUTO MIXTO DE EDUCACIÓN BÁSICA Y DIVERSIFICADO POR COOPERATIVA LUISA Y BENJAMÍN PAUL,"6A. AVENIDA 6-39 ZONA 3, CANTÓN CHUASANAHÍ",77218343,MANUEL EDUARDO CHOLOTIO COCHE,HUGO DIEGO TUCH PETZEY,DIVERSIFICADO,COOPERATIVA,URBANA,ABIERTA,MONOLINGUE,MATUTINA,DIARIO(REGULAR),SOLOLÁ,INSTITUTO EDUCACIÓN BÁSICA DIVERSIFICADO POR COOPERATIVA LUISA BENJAMÍN PAUL,INSTITUTO,"INSTITUTO EDUCACIÓN BÁSICA DIVERSIFICADO POR COOPERATIVA LUISA BENJAMÍN PAUL_6A._AVENIDA_6-39_ZONA_3,_CANTÓN_CHUASANAHÍ",OCCIDENTE,COOPERATIVA_MONOLINGUE_DIARIO(REGULAR)
07-19-0019-46,07-015,SOLOLA,SANTIAGO ATITLAN,INSTITUTO NACIONAL DE EDUCACIÓN DIVERSIFICADA,CANTON PANUL,77217729,JUAN POP CHAVAJAY,SANTIAGO SISAY SAPALÚ,DIVERSIFICADO,OFICIAL,URBANA,ABIERTA,MONOLINGUE,VESPERTINA,DIARIO(REGULAR),SOLOLÁ,INSTITUTO NACIONAL EDUCACIÓN DIVERSIFICADA,INSTITUTO,INSTITUTO NACIONAL EDUCACIÓN DIVERSIFICADA_CANTON_PANUL,OCCIDENTE,OFICIAL_MONOLINGUE_DIARIO(REGULAR)
07-19-0032-46,07-015,SOLOLA,SANTIAGO ATITLAN,INSTITUTO DE EDUCACIÓN DIVERSIFICADA POR COOPERATIVA ATITLAN CEDUCA,CANTÓN XECHIVOY,77217024,JUAN POP CHAVAJAY,PEDRO MENDOZA IXBALÁN,DIVERSIFICADO,COOPERATIVA,URBANA,ABIERTA,BILINGUE,VESPERTINA,DIARIO(REGULAR),SOLOLÁ,INSTITUTO EDUCACIÓN DIVERSIFICADA POR COOPERATIVA ATITLAN CEDUCA,INSTITUTO,INSTITUTO EDUCACIÓN DIVERSIFICADA POR COOPERATIVA ATITLAN CEDUCA_CANTÓN_XECHIVOY,OCCIDENTE,COOPERATIVA_BILINGUE_DIARIO(REGULAR)
07-19-0034-46,07-015,SOLOLA,SANTIAGO ATITLAN,LICEO CRISTIANO ISRAELÍ,CANTÓN TZANJUYÚ,77217261,JUAN POP CHAVAJAY,PEDRO SOSOF QUIEJÚ,DIVERSIFICADO,PRIVADO,URBANA,ABIERTA,MONOLINGUE,VESPERTINA,DIARIO(REGULAR),SOLOLÁ,LICEO CRISTIANO ISRAELÍ,LICEO,LICEO CRISTIANO ISRAELÍ_CANTÓN_TZANJUYÚ,OCCIDENTE,PRIVADO_MONOLINGUE_DIARIO(REGULAR)
07-19-0051-46,07-015,SOLOLA,SANTIAGO ATITLAN,LICEO INTEGRAL SANTIAGUITO -LINSA-,CANTÓN PACHICHAJ,77217550,JUAN POP CHAVAJAY,GASPAR REANDA PABLO,DIVERSIFICADO,PRIVADO,URBANA,ABIERTA,MONOLINGUE,VESPERTINA,DIARIO(REGULAR),SOLOLÁ,LICEO INTEGRAL SANTIAGUITO -LINSA-,LICEO,LICEO INTEGRAL SANTIAGUITO -LINSA-_CANTÓN_PACHICHAJ,OCCIDENTE,PRIVADO_MONOLINGUE_DIARIO(REGULAR)
07-19-0065-46,07-015,SOLOLA,SANTIAGO ATITLAN,ESCUELA NORMAL BILINGÜE INTERCULTURAL / KITIJOBAL TIJOONELAA TZUTUJILAA,COMUNIDAD DE CHUKMUK,58165683,JUAN POP CHAVAJAY,JOSÉ MIGUEL POP TZINÁ,DIVERSIFICADO,OFICIAL,RURAL,ABIERTA,MONOLINGUE,MATUTINA,DIARIO(REGULAR),SOLOLÁ,ESCUELA NORMAL BILINGÜE INTERCULTURAL / KITIJOB'AL TIJOONELAA' TZ'UTUJILAA',ESCUELA,ESCUELA NORMAL BILINGÜE INTERCULTURAL / KITIJOB'AL TIJOONELAA' TZ'UTUJILAA'_COMUNIDAD_DE_CHUKMUK,OCCIDENTE,OFICIAL_MONOLINGUE_DIARIO(REGULAR)
07-19-0103-46,07-027,SOLOLA,SANTIAGO ATITLAN,INSTITUTO NACIONAL DE EDUCACIÓN DIVERSIFICADA,"CANTON TZANCHALI, DE LA ALDEA CERRO DE ORO",43356322,NATANAEL MORALES PACAY,DAVID ABRAHAM COTZAL BARÁN,DIVERSIFICADO,OFICIAL,RURAL,ABIERTA,MONOLINGUE,VESPERTINA,DIARIO(REGULAR),SOLOLÁ,INSTITUTO NACIONAL EDUCACIÓN DIVERSIFICADA,INSTITUTO,"INSTITUTO NACIONAL EDUCACIÓN DIVERSIFICADA_CANTON_TZANCHALI,_DE_LA_ALDEA_CERRO_DE_ORO",OCCIDENTE,OFICIAL_MONOLINGUE_DIARIO(REGULAR)
07-19-2765-46,07-015,SOLOLA,SANTIAGO ATITLAN,ESCUELA NORMAL BILINGÜE INTERCULTURAL / KITIJOBAL TIJOONELAA TZUTUJILAA,COMUNIDAD DE CHUKMUK,58165683,JUAN POP CHAVAJAY,JOSÉ MIGUEL POP TZINÁ,DIVERSIFICADO,OFICIAL,RURAL,ABIERTA,BILINGUE,DOBLE,DIARIO(REGULAR),SOLOLÁ,ESCUELA NORMAL BILINGÜE INTERCULTURAL / KITIJOB'AL TIJOONELAA' TZ'UTUJILAA',ESCUELA,ESCUELA NORMAL BILINGÜE INTERCULTURAL / KITIJOB'AL TIJOONELAA' TZ'UTUJILAA'_COMUNIDAD_DE_CHUKMUK,OCCIDENTE,OFICIAL_BILINGUE_DIARIO(REGULAR)
